{"cameraMode":{"drawMode":0,"name":"Shaded","section":"Shading Mode"},"sceneLighting":true,"audioPlay":false,"sceneViewState":{"showFog":true,"showMaterialUpdate":false,"showSkybox":true,"showFlares":true,"showImageEffects":true,"showParticleSystems":true},"in2DMode":false,"pivot":{"x":42.254859924316409,"y":4.779240608215332,"z":15.864545822143555},"rotation":{"x":-0.08589570969343186,"y":-0.5889207720756531,"z":0.06314258277416229,"w":-0.8011325597763062},"size":30.632984161376954,"orthographic":false}